days_after_innoculation,log_viral_titer
0,0.057760454
1,1.889687571
2,2.99004621
3,2.623389435
4,2.152800335
5,1.543573981
6,1.069125139
7,0.710183169
8,0.270387792
9,0.31957728