days_after_innoculation,symptom_score
0,0.03308016
1,0.255423101
2,0.672919294
3,0.856673403
4,0.669978746
5,0.468947076
6,0.330766103
7,0.179346636
8,0.056601195
9,0.001102538